App,Players,Time
com.cooktemper.bee_streaming.tv,0,12-5-22 / 08.50
com.cooktemper.goodflix_movies_helper.tv,0,12-5-22 / 08.50
com.cooktemper.greenapp_player.tv,11,12-5-22 / 08.50
com.livestuff.freevee_streaming_helper.tv,9,12-5-22 / 08.50
com.guitararch.ytv_premium.tv,312,12-5-22 / 09.00
com.guitararch.movie_teatv_helper.tv,68,12-5-22 / 09.00
com.guitararch.viper_play_net_futbol_tv.tv,34,12-5-22 / 09.00
com.differentexist.mxl_ip_tv_player.tv,14515,12-5-22 / 09.00
com.differentexist.box_hd_movies_full_movies_hd.tv,331,12-5-22 / 09.00
com.alprime.mxl_ip_tv_player.tv,37,12-5-22 / 09.00
com.meetingstick.yizuu_movies_tv_shows_music.tv,8,12-5-22 / 09.00
com.meetingstick.movcy_movies_series.tv,115,12-5-22 / 09.00
com.meetingstick.betflix_movies_tv_series.tv,91,12-5-22 / 09.00
com.magicalmove.ibomma_telugu_movies_guide.tv,93,12-5-22 / 09.00
com.magicalmove.wowmax_hd_movies_helper.tv,18,12-5-22 / 09.00
com.magicalmove.gomovies_movies_series_tv.tv,272,12-5-22 / 09.00
com.differentexist.movie_teatv_helper.tv,1250,12-5-22 / 09.00
com.livestuff.ibomma_telugu.tv,4311,12-5-22 / 09.00
com.livestuff.bestflix_movie_suggestions.tv,39,12-5-22 / 09.00
com.livestuff.foxi_apk_movies_and_tv_shows.tv,1591,12-5-22 / 09.00
com.muddleidea.filmzie_movie_streaming_app.tv,3,12-5-22 / 09.00
com.muddleidea.zona_tv_box.tv,13,12-5-22 / 09.00
com.muddleidea.seriesflix_series_movies.tv,183,12-5-22 / 09.00
com.railmint.global_play.tv,2,12-5-22 / 09.00
com.railmint.nodorios_live.tv,8,12-5-22 / 09.00
com.railmint.tigre.tv,0,12-5-22 / 09.00
com.cooktemper.bee_streaming.tv,0,12-5-22 / 09.00
com.cooktemper.goodflix_movies_helper.tv,0,12-5-22 / 09.00
com.cooktemper.greenapp_player.tv,11,12-5-22 / 09.00
com.livestuff.freevee_streaming_helper.tv,9,12-5-22 / 09.00
com.guitararch.ytv_premium.tv,312,12-5-22 / 09.10
com.guitararch.movie_teatv_helper.tv,69,12-5-22 / 09.10
com.guitararch.viper_play_net_futbol_tv.tv,34,12-5-22 / 09.10
com.differentexist.mxl_ip_tv_player.tv,14515,12-5-22 / 09.10
com.differentexist.box_hd_movies_full_movies_hd.tv,331,12-5-22 / 09.10
com.alprime.mxl_ip_tv_player.tv,37,12-5-22 / 09.10
com.meetingstick.yizuu_movies_tv_shows_music.tv,8,12-5-22 / 09.10
com.meetingstick.movcy_movies_series.tv,115,12-5-22 / 09.10
com.meetingstick.betflix_movies_tv_series.tv,91,12-5-22 / 09.10
com.magicalmove.ibomma_telugu_movies_guide.tv,93,12-5-22 / 09.10
com.magicalmove.wowmax_hd_movies_helper.tv,18,12-5-22 / 09.10
com.magicalmove.gomovies_movies_series_tv.tv,272,12-5-22 / 09.10
com.differentexist.movie_teatv_helper.tv,1252,12-5-22 / 09.10
com.livestuff.ibomma_telugu.tv,4313,12-5-22 / 09.10
com.livestuff.bestflix_movie_suggestions.tv,39,12-5-22 / 09.10
com.livestuff.foxi_apk_movies_and_tv_shows.tv,1591,12-5-22 / 09.10
com.muddleidea.filmzie_movie_streaming_app.tv,3,12-5-22 / 09.10
com.muddleidea.zona_tv_box.tv,13,12-5-22 / 09.10
com.muddleidea.seriesflix_series_movies.tv,183,12-5-22 / 09.10
com.railmint.global_play.tv,2,12-5-22 / 09.10
com.railmint.nodorios_live.tv,8,12-5-22 / 09.10
com.railmint.tigre.tv,0,12-5-22 / 09.10
com.cooktemper.bee_streaming.tv,0,12-5-22 / 09.10
com.cooktemper.goodflix_movies_helper.tv,0,12-5-22 / 09.10
com.cooktemper.greenapp_player.tv,11,12-5-22 / 09.10
com.livestuff.freevee_streaming_helper.tv,9,12-5-22 / 09.10
com.guitararch.ytv_premium.tv,312,12-5-22 / 09.20
com.guitararch.movie_teatv_helper.tv,69,12-5-22 / 09.20
com.guitararch.viper_play_net_futbol_tv.tv,34,12-5-22 / 09.20
com.differentexist.mxl_ip_tv_player.tv,14515,12-5-22 / 09.20
com.differentexist.box_hd_movies_full_movies_hd.tv,331,12-5-22 / 09.20
com.alprime.mxl_ip_tv_player.tv,37,12-5-22 / 09.20
com.meetingstick.yizuu_movies_tv_shows_music.tv,8,12-5-22 / 09.20
com.meetingstick.movcy_movies_series.tv,115,12-5-22 / 09.20
com.meetingstick.betflix_movies_tv_series.tv,91,12-5-22 / 09.20
com.magicalmove.ibomma_telugu_movies_guide.tv,93,12-5-22 / 09.20
com.magicalmove.wowmax_hd_movies_helper.tv,18,12-5-22 / 09.20
com.magicalmove.gomovies_movies_series_tv.tv,273,12-5-22 / 09.20
com.differentexist.movie_teatv_helper.tv,1253,12-5-22 / 09.20
com.livestuff.ibomma_telugu.tv,4314,12-5-22 / 09.20
com.livestuff.bestflix_movie_suggestions.tv,39,12-5-22 / 09.20
com.livestuff.foxi_apk_movies_and_tv_shows.tv,1593,12-5-22 / 09.20
com.muddleidea.filmzie_movie_streaming_app.tv,3,12-5-22 / 09.20
com.muddleidea.zona_tv_box.tv,13,12-5-22 / 09.20
com.muddleidea.seriesflix_series_movies.tv,183,12-5-22 / 09.20
com.railmint.global_play.tv,2,12-5-22 / 09.20
com.railmint.nodorios_live.tv,8,12-5-22 / 09.20
com.railmint.tigre.tv,0,12-5-22 / 09.20
com.cooktemper.bee_streaming.tv,0,12-5-22 / 09.20
com.cooktemper.goodflix_movies_helper.tv,0,12-5-22 / 09.20
com.cooktemper.greenapp_player.tv,11,12-5-22 / 09.20
com.livestuff.freevee_streaming_helper.tv,9,12-5-22 / 09.20
com.guitararch.ytv_premium.tv,312,12-5-22 / 09.30
com.guitararch.movie_teatv_helper.tv,69,12-5-22 / 09.30
com.guitararch.viper_play_net_futbol_tv.tv,34,12-5-22 / 09.30
com.differentexist.mxl_ip_tv_player.tv,14515,12-5-22 / 09.30
com.differentexist.box_hd_movies_full_movies_hd.tv,331,12-5-22 / 09.30
com.alprime.mxl_ip_tv_player.tv,37,12-5-22 / 09.30
com.meetingstick.yizuu_movies_tv_shows_music.tv,8,12-5-22 / 09.30
com.meetingstick.movcy_movies_series.tv,115,12-5-22 / 09.30
com.meetingstick.betflix_movies_tv_series.tv,91,12-5-22 / 09.30
com.magicalmove.ibomma_telugu_movies_guide.tv,93,12-5-22 / 09.30
com.magicalmove.wowmax_hd_movies_helper.tv,18,12-5-22 / 09.30
com.magicalmove.gomovies_movies_series_tv.tv,273,12-5-22 / 09.30
com.differentexist.movie_teatv_helper.tv,1253,12-5-22 / 09.30
com.livestuff.ibomma_telugu.tv,4314,12-5-22 / 09.30
com.livestuff.bestflix_movie_suggestions.tv,39,12-5-22 / 09.30
com.livestuff.foxi_apk_movies_and_tv_shows.tv,1593,12-5-22 / 09.30
com.muddleidea.filmzie_movie_streaming_app.tv,3,12-5-22 / 09.30
com.muddleidea.zona_tv_box.tv,13,12-5-22 / 09.30
com.muddleidea.seriesflix_series_movies.tv,183,12-5-22 / 09.30
com.railmint.global_play.tv,2,12-5-22 / 09.30
com.railmint.nodorios_live.tv,8,12-5-22 / 09.30
com.railmint.tigre.tv,0,12-5-22 / 09.30
com.cooktemper.bee_streaming.tv,0,12-5-22 / 09.30
com.cooktemper.goodflix_movies_helper.tv,0,12-5-22 / 09.30
com.cooktemper.greenapp_player.tv,11,12-5-22 / 09.30
com.livestuff.freevee_streaming_helper.tv,9,12-5-22 / 09.30
com.guitararch.ytv_premium.tv,312,12-5-22 / 09.40
com.guitararch.movie_teatv_helper.tv,69,12-5-22 / 09.40
com.guitararch.viper_play_net_futbol_tv.tv,34,12-5-22 / 09.40
com.differentexist.mxl_ip_tv_player.tv,14515,12-5-22 / 09.40
com.differentexist.box_hd_movies_full_movies_hd.tv,331,12-5-22 / 09.40
com.alprime.mxl_ip_tv_player.tv,37,12-5-22 / 09.40
com.meetingstick.yizuu_movies_tv_shows_music.tv,8,12-5-22 / 09.40
com.meetingstick.movcy_movies_series.tv,115,12-5-22 / 09.40
com.meetingstick.betflix_movies_tv_series.tv,91,12-5-22 / 09.40
com.magicalmove.ibomma_telugu_movies_guide.tv,94,12-5-22 / 09.40
com.magicalmove.wowmax_hd_movies_helper.tv,18,12-5-22 / 09.40
com.magicalmove.gomovies_movies_series_tv.tv,273,12-5-22 / 09.40
com.differentexist.movie_teatv_helper.tv,1254,12-5-22 / 09.40
com.livestuff.ibomma_telugu.tv,4318,12-5-22 / 09.40
com.livestuff.bestflix_movie_suggestions.tv,39,12-5-22 / 09.40
com.livestuff.foxi_apk_movies_and_tv_shows.tv,1593,12-5-22 / 09.40
com.muddleidea.filmzie_movie_streaming_app.tv,3,12-5-22 / 09.40
com.muddleidea.zona_tv_box.tv,13,12-5-22 / 09.40
com.muddleidea.seriesflix_series_movies.tv,183,12-5-22 / 09.40
com.railmint.global_play.tv,2,12-5-22 / 09.40
com.railmint.nodorios_live.tv,8,12-5-22 / 09.40
com.railmint.tigre.tv,0,12-5-22 / 09.40
com.cooktemper.bee_streaming.tv,0,12-5-22 / 09.40
com.cooktemper.goodflix_movies_helper.tv,0,12-5-22 / 09.40
com.cooktemper.greenapp_player.tv,11,12-5-22 / 09.40
com.livestuff.freevee_streaming_helper.tv,9,12-5-22 / 09.40
com.guitararch.ytv_premium.tv,312,12-5-22 / 09.50
com.guitararch.movie_teatv_helper.tv,69,12-5-22 / 09.50
com.guitararch.viper_play_net_futbol_tv.tv,34,12-5-22 / 09.50
com.differentexist.mxl_ip_tv_player.tv,14515,12-5-22 / 09.50
com.differentexist.box_hd_movies_full_movies_hd.tv,331,12-5-22 / 09.50
com.alprime.mxl_ip_tv_player.tv,38,12-5-22 / 09.50
com.meetingstick.yizuu_movies_tv_shows_music.tv,8,12-5-22 / 09.50
com.meetingstick.movcy_movies_series.tv,115,12-5-22 / 09.50
com.meetingstick.betflix_movies_tv_series.tv,91,12-5-22 / 09.50
com.magicalmove.ibomma_telugu_movies_guide.tv,95,12-5-22 / 09.50
com.magicalmove.wowmax_hd_movies_helper.tv,18,12-5-22 / 09.50
com.magicalmove.gomovies_movies_series_tv.tv,273,12-5-22 / 09.50
com.differentexist.movie_teatv_helper.tv,1254,12-5-22 / 09.50
com.livestuff.ibomma_telugu.tv,4321,12-5-22 / 09.50
com.livestuff.bestflix_movie_suggestions.tv,39,12-5-22 / 09.50
com.livestuff.foxi_apk_movies_and_tv_shows.tv,1593,12-5-22 / 09.50
com.muddleidea.filmzie_movie_streaming_app.tv,3,12-5-22 / 09.50
com.muddleidea.zona_tv_box.tv,13,12-5-22 / 09.50
com.muddleidea.seriesflix_series_movies.tv,183,12-5-22 / 09.50
com.railmint.global_play.tv,2,12-5-22 / 09.50
com.railmint.nodorios_live.tv,8,12-5-22 / 09.50
com.railmint.tigre.tv,0,12-5-22 / 09.50
com.cooktemper.bee_streaming.tv,0,12-5-22 / 09.50
com.cooktemper.goodflix_movies_helper.tv,0,12-5-22 / 09.50
com.cooktemper.greenapp_player.tv,11,12-5-22 / 09.50
com.livestuff.freevee_streaming_helper.tv,9,12-5-22 / 09.50
com.guitararch.ytv_premium.tv,312,12-5-22 / 10.00
com.guitararch.movie_teatv_helper.tv,69,12-5-22 / 10.00
com.guitararch.viper_play_net_futbol_tv.tv,34,12-5-22 / 10.00
com.differentexist.mxl_ip_tv_player.tv,14516,12-5-22 / 10.00
com.differentexist.box_hd_movies_full_movies_hd.tv,331,12-5-22 / 10.00
com.alprime.mxl_ip_tv_player.tv,38,12-5-22 / 10.00
com.meetingstick.yizuu_movies_tv_shows_music.tv,8,12-5-22 / 10.00
com.meetingstick.movcy_movies_series.tv,115,12-5-22 / 10.00
com.meetingstick.betflix_movies_tv_series.tv,91,12-5-22 / 10.00
com.magicalmove.ibomma_telugu_movies_guide.tv,95,12-5-22 / 10.00
com.magicalmove.wowmax_hd_movies_helper.tv,18,12-5-22 / 10.00
com.magicalmove.gomovies_movies_series_tv.tv,274,12-5-22 / 10.00
com.differentexist.movie_teatv_helper.tv,1256,12-5-22 / 10.00
com.livestuff.ibomma_telugu.tv,4324,12-5-22 / 10.00
com.livestuff.bestflix_movie_suggestions.tv,39,12-5-22 / 10.00
com.livestuff.foxi_apk_movies_and_tv_shows.tv,1595,12-5-22 / 10.00
com.muddleidea.filmzie_movie_streaming_app.tv,3,12-5-22 / 10.00
com.muddleidea.zona_tv_box.tv,13,12-5-22 / 10.00
com.muddleidea.seriesflix_series_movies.tv,183,12-5-22 / 10.00
com.railmint.global_play.tv,2,12-5-22 / 10.00
com.railmint.nodorios_live.tv,8,12-5-22 / 10.00
com.railmint.tigre.tv,0,12-5-22 / 10.00
com.cooktemper.bee_streaming.tv,0,12-5-22 / 10.00
com.cooktemper.goodflix_movies_helper.tv,0,12-5-22 / 10.00
com.cooktemper.greenapp_player.tv,11,12-5-22 / 10.00
com.livestuff.freevee_streaming_helper.tv,9,12-5-22 / 10.00
com.guitararch.ytv_premium.tv,312,12-5-22 / 10.10
com.guitararch.movie_teatv_helper.tv,69,12-5-22 / 10.10
com.guitararch.viper_play_net_futbol_tv.tv,34,12-5-22 / 10.10
com.differentexist.mxl_ip_tv_player.tv,14516,12-5-22 / 10.10
com.differentexist.box_hd_movies_full_movies_hd.tv,331,12-5-22 / 10.10
com.alprime.mxl_ip_tv_player.tv,38,12-5-22 / 10.10
com.meetingstick.yizuu_movies_tv_shows_music.tv,8,12-5-22 / 10.10
com.meetingstick.movcy_movies_series.tv,115,12-5-22 / 10.10
com.meetingstick.betflix_movies_tv_series.tv,91,12-5-22 / 10.10
com.magicalmove.ibomma_telugu_movies_guide.tv,95,12-5-22 / 10.10
com.magicalmove.wowmax_hd_movies_helper.tv,18,12-5-22 / 10.10
com.magicalmove.gomovies_movies_series_tv.tv,275,12-5-22 / 10.10
com.differentexist.movie_teatv_helper.tv,1257,12-5-22 / 10.10
com.livestuff.ibomma_telugu.tv,4325,12-5-22 / 10.10
com.livestuff.bestflix_movie_suggestions.tv,39,12-5-22 / 10.10
com.livestuff.foxi_apk_movies_and_tv_shows.tv,1596,12-5-22 / 10.10
com.muddleidea.filmzie_movie_streaming_app.tv,3,12-5-22 / 10.10
com.muddleidea.zona_tv_box.tv,13,12-5-22 / 10.10
com.muddleidea.seriesflix_series_movies.tv,183,12-5-22 / 10.10
com.railmint.global_play.tv,2,12-5-22 / 10.10
com.railmint.nodorios_live.tv,8,12-5-22 / 10.10
com.railmint.tigre.tv,0,12-5-22 / 10.10
com.cooktemper.bee_streaming.tv,0,12-5-22 / 10.10
com.cooktemper.goodflix_movies_helper.tv,0,12-5-22 / 10.10
com.cooktemper.greenapp_player.tv,11,12-5-22 / 10.10
com.livestuff.freevee_streaming_helper.tv,9,12-5-22 / 10.10
com.guitararch.ytv_premium.tv,312,12-5-22 / 10.20
com.guitararch.movie_teatv_helper.tv,69,12-5-22 / 10.20
com.guitararch.viper_play_net_futbol_tv.tv,34,12-5-22 / 10.20
com.differentexist.mxl_ip_tv_player.tv,14517,12-5-22 / 10.20
com.differentexist.box_hd_movies_full_movies_hd.tv,331,12-5-22 / 10.20
com.alprime.mxl_ip_tv_player.tv,38,12-5-22 / 10.20
com.meetingstick.yizuu_movies_tv_shows_music.tv,8,12-5-22 / 10.20
com.meetingstick.movcy_movies_series.tv,115,12-5-22 / 10.20
com.meetingstick.betflix_movies_tv_series.tv,91,12-5-22 / 10.20
com.magicalmove.ibomma_telugu_movies_guide.tv,97,12-5-22 / 10.20
com.magicalmove.wowmax_hd_movies_helper.tv,18,12-5-22 / 10.20
com.magicalmove.gomovies_movies_series_tv.tv,276,12-5-22 / 10.20
com.differentexist.movie_teatv_helper.tv,1257,12-5-22 / 10.20
com.livestuff.ibomma_telugu.tv,4326,12-5-22 / 10.20
com.livestuff.bestflix_movie_suggestions.tv,39,12-5-22 / 10.20
com.livestuff.foxi_apk_movies_and_tv_shows.tv,1596,12-5-22 / 10.20
com.muddleidea.filmzie_movie_streaming_app.tv,3,12-5-22 / 10.20
com.muddleidea.zona_tv_box.tv,13,12-5-22 / 10.20
com.muddleidea.seriesflix_series_movies.tv,183,12-5-22 / 10.20
com.railmint.global_play.tv,2,12-5-22 / 10.20
com.railmint.nodorios_live.tv,8,12-5-22 / 10.20
com.railmint.tigre.tv,0,12-5-22 / 10.20
com.cooktemper.bee_streaming.tv,0,12-5-22 / 10.20
com.cooktemper.goodflix_movies_helper.tv,0,12-5-22 / 10.20
com.cooktemper.greenapp_player.tv,11,12-5-22 / 10.20
com.livestuff.freevee_streaming_helper.tv,9,12-5-22 / 10.20
com.guitararch.ytv_premium.tv,312,12-5-22 / 10.30
com.guitararch.movie_teatv_helper.tv,70,12-5-22 / 10.30
com.guitararch.viper_play_net_futbol_tv.tv,34,12-5-22 / 10.30
com.differentexist.mxl_ip_tv_player.tv,14517,12-5-22 / 10.30
com.differentexist.box_hd_movies_full_movies_hd.tv,332,12-5-22 / 10.30
com.alprime.mxl_ip_tv_player.tv,38,12-5-22 / 10.30
com.meetingstick.yizuu_movies_tv_shows_music.tv,8,12-5-22 / 10.30
com.meetingstick.movcy_movies_series.tv,116,12-5-22 / 10.30
com.meetingstick.betflix_movies_tv_series.tv,91,12-5-22 / 10.30
com.magicalmove.ibomma_telugu_movies_guide.tv,98,12-5-22 / 10.30
com.magicalmove.wowmax_hd_movies_helper.tv,18,12-5-22 / 10.30
com.magicalmove.gomovies_movies_series_tv.tv,276,12-5-22 / 10.30
com.differentexist.movie_teatv_helper.tv,1259,12-5-22 / 10.30
com.livestuff.ibomma_telugu.tv,4327,12-5-22 / 10.30
com.livestuff.bestflix_movie_suggestions.tv,39,12-5-22 / 10.30
com.livestuff.foxi_apk_movies_and_tv_shows.tv,1598,12-5-22 / 10.30
com.muddleidea.filmzie_movie_streaming_app.tv,3,12-5-22 / 10.30
com.muddleidea.zona_tv_box.tv,13,12-5-22 / 10.30
com.muddleidea.seriesflix_series_movies.tv,183,12-5-22 / 10.30
com.railmint.global_play.tv,2,12-5-22 / 10.30
com.railmint.nodorios_live.tv,8,12-5-22 / 10.30
com.railmint.tigre.tv,0,12-5-22 / 10.30
com.cooktemper.bee_streaming.tv,0,12-5-22 / 10.30
com.cooktemper.goodflix_movies_helper.tv,0,12-5-22 / 10.30
com.cooktemper.greenapp_player.tv,11,12-5-22 / 10.30
com.livestuff.freevee_streaming_helper.tv,9,12-5-22 / 10.30
com.guitararch.ytv_premium.tv,312,12-5-22 / 10.40
com.guitararch.movie_teatv_helper.tv,70,12-5-22 / 10.40
com.guitararch.viper_play_net_futbol_tv.tv,34,12-5-22 / 10.40
com.differentexist.mxl_ip_tv_player.tv,14518,12-5-22 / 10.40
com.differentexist.box_hd_movies_full_movies_hd.tv,332,12-5-22 / 10.40
com.alprime.mxl_ip_tv_player.tv,38,12-5-22 / 10.40
com.meetingstick.yizuu_movies_tv_shows_music.tv,8,12-5-22 / 10.40
com.meetingstick.movcy_movies_series.tv,116,12-5-22 / 10.40
com.meetingstick.betflix_movies_tv_series.tv,91,12-5-22 / 10.40
com.magicalmove.ibomma_telugu_movies_guide.tv,98,12-5-22 / 10.40
com.magicalmove.wowmax_hd_movies_helper.tv,18,12-5-22 / 10.40
com.magicalmove.gomovies_movies_series_tv.tv,278,12-5-22 / 10.40
com.differentexist.movie_teatv_helper.tv,1261,12-5-22 / 10.40
com.livestuff.ibomma_telugu.tv,4330,12-5-22 / 10.40
com.livestuff.bestflix_movie_suggestions.tv,39,12-5-22 / 10.40
com.livestuff.foxi_apk_movies_and_tv_shows.tv,1599,12-5-22 / 10.40
com.muddleidea.filmzie_movie_streaming_app.tv,3,12-5-22 / 10.40
com.muddleidea.zona_tv_box.tv,13,12-5-22 / 10.40
com.muddleidea.seriesflix_series_movies.tv,183,12-5-22 / 10.40
com.railmint.global_play.tv,2,12-5-22 / 10.40
com.railmint.nodorios_live.tv,8,12-5-22 / 10.40
com.railmint.tigre.tv,0,12-5-22 / 10.40
com.cooktemper.bee_streaming.tv,0,12-5-22 / 10.40
com.cooktemper.goodflix_movies_helper.tv,0,12-5-22 / 10.40
com.cooktemper.greenapp_player.tv,11,12-5-22 / 10.40
com.livestuff.freevee_streaming_helper.tv,9,12-5-22 / 10.40
com.guitararch.ytv_premium.tv,312,12-5-22 / 10.50
com.guitararch.movie_teatv_helper.tv,70,12-5-22 / 10.50
com.guitararch.viper_play_net_futbol_tv.tv,34,12-5-22 / 10.50
com.differentexist.mxl_ip_tv_player.tv,14518,12-5-22 / 10.50
com.differentexist.box_hd_movies_full_movies_hd.tv,333,12-5-22 / 10.50
com.alprime.mxl_ip_tv_player.tv,38,12-5-22 / 10.50
com.meetingstick.yizuu_movies_tv_shows_music.tv,8,12-5-22 / 10.50
com.meetingstick.movcy_movies_series.tv,116,12-5-22 / 10.50
com.meetingstick.betflix_movies_tv_series.tv,91,12-5-22 / 10.50
com.magicalmove.ibomma_telugu_movies_guide.tv,100,12-5-22 / 10.50
com.magicalmove.wowmax_hd_movies_helper.tv,18,12-5-22 / 10.50
com.magicalmove.gomovies_movies_series_tv.tv,278,12-5-22 / 10.50
com.differentexist.movie_teatv_helper.tv,1263,12-5-22 / 10.50
com.livestuff.ibomma_telugu.tv,4331,12-5-22 / 10.50
com.livestuff.bestflix_movie_suggestions.tv,39,12-5-22 / 10.50
com.livestuff.foxi_apk_movies_and_tv_shows.tv,1601,12-5-22 / 10.50
com.muddleidea.filmzie_movie_streaming_app.tv,3,12-5-22 / 10.50
com.muddleidea.zona_tv_box.tv,13,12-5-22 / 10.50
com.muddleidea.seriesflix_series_movies.tv,183,12-5-22 / 10.50
com.railmint.global_play.tv,2,12-5-22 / 10.50
com.railmint.nodorios_live.tv,8,12-5-22 / 10.50
com.railmint.tigre.tv,0,12-5-22 / 10.50
com.cooktemper.bee_streaming.tv,0,12-5-22 / 10.50
com.cooktemper.goodflix_movies_helper.tv,0,12-5-22 / 10.50
com.cooktemper.greenapp_player.tv,11,12-5-22 / 10.50
com.livestuff.freevee_streaming_helper.tv,9,12-5-22 / 10.50
com.guitararch.ytv_premium.tv,0000,12-5-22 / 11.00
com.guitararch.movie_teatv_helper.tv,70,12-5-22 / 11.00
com.guitararch.viper_play_net_futbol_tv.tv,35,12-5-22 / 11.00
com.differentexist.mxl_ip_tv_player.tv,14518,12-5-22 / 11.00
com.differentexist.box_hd_movies_full_movies_hd.tv,333,12-5-22 / 11.00
com.alprime.mxl_ip_tv_player.tv,38,12-5-22 / 11.00
com.meetingstick.yizuu_movies_tv_shows_music.tv,8,12-5-22 / 11.00
com.meetingstick.movcy_movies_series.tv,116,12-5-22 / 11.00
com.meetingstick.betflix_movies_tv_series.tv,91,12-5-22 / 11.00
com.magicalmove.ibomma_telugu_movies_guide.tv,100,12-5-22 / 11.00
com.magicalmove.wowmax_hd_movies_helper.tv,18,12-5-22 / 11.00
com.magicalmove.gomovies_movies_series_tv.tv,278,12-5-22 / 11.00
com.differentexist.movie_teatv_helper.tv,1263,12-5-22 / 11.00
com.livestuff.ibomma_telugu.tv,4334,12-5-22 / 11.00
com.livestuff.bestflix_movie_suggestions.tv,39,12-5-22 / 11.00
com.livestuff.foxi_apk_movies_and_tv_shows.tv,1601,12-5-22 / 11.00
com.muddleidea.filmzie_movie_streaming_app.tv,3,12-5-22 / 11.00
com.muddleidea.zona_tv_box.tv,13,12-5-22 / 11.00
com.muddleidea.seriesflix_series_movies.tv,183,12-5-22 / 11.00
com.railmint.global_play.tv,2,12-5-22 / 11.00
com.railmint.nodorios_live.tv,8,12-5-22 / 11.00
com.railmint.tigre.tv,0,12-5-22 / 11.00
com.cooktemper.bee_streaming.tv,0,12-5-22 / 11.00
com.cooktemper.goodflix_movies_helper.tv,0,12-5-22 / 11.00
com.cooktemper.greenapp_player.tv,11,12-5-22 / 11.00
com.livestuff.freevee_streaming_helper.tv,9,12-5-22 / 11.00
com.joindrag.idolo.tv,0,12-5-22 / 11.00
com.joindrag.chillwithp2d_live.tv,0,12-5-22 / 11.00
com.joindrag.nyc_movie_movie_downloader.tv,0,12-5-22 / 11.00
